maze,a_star.npy,dijkstra.npy,bfs.npy
100x100_wall,963.9619660377502,1043.4690124988556,963.4090111255646
100x100_columns,1131.0290002822876,1208.419000864029,1130.4159886837006
100x100_board,694.7329881191254,774.8379859924316,694.3799965381622
