maze,a_star.npy,dijkstra.npy,bfs.npy
10x10_wall,92.0119981765747,92.01600360870361,92.00400257110596
10x10_columns,100.00800132751465,100.01199913024902,100.00399971008301
10x10_board,60.007991790771484,60.01199913024902,60.00399971008301
