maze,a_star.npy,dijkstra.npy,bfs.npy
50x50_wall,468.2240047454834,473.06003284454346,468.1039733886719
50x50_columns,408.19596767425537,412.87604999542236,408.0959997177124
50x50_board,328.16400051116943,332.83199977874756,328.0840005874634
