Element,a_star,dijkstra,bfs
D³ugoœæ,159.0,159.0,159.0
Czas,0.1569995880126953,19.52798819541931,0.09099960327148438
Odwiedzone,3942.0,8173.0,8345.0
