Element,a_star,dijkstra,bfs
D³ugoœæ,244.0,244.0,244.0
Czas,0.2329878807067871,19.94599938392639,0.10001206398010254
Odwiedzone,5975.0,9280.0,9320.0
