Element,a_star,dijkstra,bfs
D³ugoœæ,244.0,244.0,244.0
Czas,0.23099946975708008,19.99098777770996,0.10500121116638184
Odwiedzone,5865.0,9655.0,9676.0
