Element,a_star,dijkstra,bfs
D³ugoœæ,171.0,171.0,171.0
Czas,0.2049884796142578,21.029998540878296,0.09800004959106445
Odwiedzone,4972.0,9160.0,9202.0
