Element,a_star,dijkstra,bfs
D³ugoœæ,205.0,205.0,205.0
Czas,0.20399999618530273,20.511999368667603,0.10199761390686035
Odwiedzone,5018.0,9348.0,9389.0
