Element,a_star,dijkstra,bfs
D³ugoœæ,159.0,159.0,159.0
Czas,0.16700005531311035,19.76799988746643,0.08899927139282227
Odwiedzone,4250.0,8210.0,8347.0
