Element,a_star,dijkstra,bfs
D³ugoœæ,302.0,302.0,302.0
Czas,0.30098986625671387,19.972012281417847,0.10200023651123047
Odwiedzone,7606.0,9441.0,9468.0
