Element,a_star,dijkstra,bfs
D³ugoœæ,320.0,320.0,320.0
Czas,0.27698850631713867,19.596999883651733,0.10600066184997559
Odwiedzone,7095.0,9744.0,9749.0
