Element,a_star,dijkstra,bfs
D³ugoœæ,202.0,202.0,202.0
Czas,0.2650001049041748,19.698999643325806,0.1039881706237793
Odwiedzone,6543.0,9548.0,9601.0
