Element,a_star,dijkstra,bfs
D³ugoœæ,173.0,173.0,173.0
Czas,0.20000100135803223,19.942001819610596,0.10299825668334961
Odwiedzone,4997.0,9655.0,9676.0
