Element,a_star,dijkstra,bfs
D³ugoœæ,204.0,204.0,204.0
Czas,0.19999980926513672,19.809012174606323,0.10299968719482422
Odwiedzone,5031.0,9548.0,9601.0
