Element,a_star,dijkstra,bfs
D³ugoœæ,244.0,244.0,244.0
Czas,0.22798728942871094,20.608999013900757,0.10400056838989258
Odwiedzone,5865.0,9655.0,9676.0
