Element,a_star,dijkstra,bfs
D³ugoœæ,404.0,404.0,404.0
Czas,0.28701186180114746,19.31398916244507,0.10300016403198242
Odwiedzone,7391.0,9476.0,9516.0
