Element,a_star,dijkstra,bfs
D³ugoœæ,37.0,37.0,37.0
Czas,0.0019989013671875,0.003000020980834961,0.0009996891021728516
Odwiedzone,62.0,74.0,76.0
