Element,a_star,dijkstra,bfs
D³ugoœæ,23.0,23.0,23.0
Czas,0.003000974655151367,0.003998279571533203,0.0
Odwiedzone,61.0,83.0,87.0
