Element,a_star,dijkstra,bfs
D³ugoœæ,23.0,23.0,23.0
Czas,0.002999544143676758,0.00400090217590332,0.0010006427764892578
Odwiedzone,64.0,90.0,92.0
