Element,a_star,dijkstra,bfs
D³ugoœæ,21.0,21.0,21.0
Czas,0.002001523971557617,0.002999544143676758,0.0009996891021728516
Odwiedzone,62.0,80.0,82.0
