Element,a_star,dijkstra,bfs
D³ugoœæ,21.0,21.0,21.0
Czas,0.0009999275207519531,0.0029997825622558594,0.0009999275207519531
Odwiedzone,56.0,75.0,80.0
