Element,a_star,dijkstra,bfs
D³ugoœæ,27.0,27.0,27.0
Czas,0.002998828887939453,0.0030012130737304688,0.0009992122650146484
Odwiedzone,77.0,82.0,84.0
