Element,a_star,dijkstra,bfs
D³ugoœæ,25.0,25.0,25.0
Czas,0.0020003318786621094,0.0029997825622558594,0.0009999275207519531
Odwiedzone,61.0,80.0,82.0
