Element,a_star,dijkstra,bfs
D³ugoœæ,33.0,33.0,33.0
Czas,0.0020105838775634766,0.0029997825622558594,0.0
Odwiedzone,67.0,77.0,77.0
