Element,a_star,dijkstra,bfs
D³ugoœæ,15.0,15.0,15.0
Czas,0.0019979476928710938,0.0029997825622558594,0.0009999275207519531
Odwiedzone,45.0,70.0,82.0
