Element,a_star,dijkstra,bfs
D³ugoœæ,17.0,17.0,17.0
Czas,0.002000093460083008,0.0040013790130615234,0.0
Odwiedzone,64.0,90.0,92.0
