Element,a_star,dijkstra,bfs
D³ugoœæ,15.0,15.0,15.0
Czas,0.0009996891021728516,0.0030002593994140625,0.0010006427764892578
Odwiedzone,42.0,67.0,79.0
