Element,a_star,dijkstra,bfs
D³ugoœæ,15.0,15.0,15.0
Czas,0.0010001659393310547,0.003998994827270508,0.0010001659393310547
Odwiedzone,39.0,71.0,77.0
