Element,a_star,dijkstra,bfs
D³ugoœæ,23.0,23.0,23.0
Czas,0.0019974708557128906,0.004000186920166016,0.0010001659393310547
Odwiedzone,64.0,90.0,92.0
