Element,a_star,dijkstra,bfs
D³ugoœæ,100.0,100.0,100.0
Czas,0.04700040817260742,1.2529997825622559,0.0240020751953125
Odwiedzone,1232.0,2208.0,2232.0
