Element,a_star,dijkstra,bfs
D³ugoœæ,145.0,145.0,145.0
Czas,0.07399868965148926,1.2369999885559082,0.025000572204589844
Odwiedzone,1924.0,2322.0,2335.0
