Element,a_star,dijkstra,bfs
D³ugoœæ,82.0,82.0,82.0
Czas,0.042001962661743164,1.1730008125305176,0.019999980926513672
Odwiedzone,1072.0,1885.0,1962.0
