Element,a_star,dijkstra,bfs
D³ugoœæ,152.0,152.0,152.0
Czas,0.0670003890991211,1.2109880447387695,0.024999380111694336
Odwiedzone,1692.0,2352.0,2363.0
