Element,a_star,dijkstra,bfs
D³ugoœæ,196.0,196.0,196.0
Czas,0.06599974632263184,1.191011905670166,0.024000167846679688
Odwiedzone,1772.0,2250.0,2270.0
