Element,a_star,dijkstra,bfs
D³ugoœæ,117.0,117.0,117.0
Czas,0.049011945724487305,1.2629899978637695,0.025002002716064453
Odwiedzone,1287.0,2319.0,2334.0
