Element,a_star,dijkstra,bfs
D³ugoœæ,84.0,84.0,84.0
Czas,0.021999597549438477,1.2729997634887695,0.026000022888183594
Odwiedzone,561.0,2366.0,2381.0
