Element,a_star,dijkstra,bfs
D³ugoœæ,102.0,102.0,102.0
Czas,0.04899191856384277,1.2190124988555908,0.023999929428100586
Odwiedzone,1308.0,2261.0,2296.0
