Element,a_star,dijkstra,bfs
D³ugoœæ,117.0,117.0,117.0
Czas,0.05500030517578125,1.253000259399414,0.025002002716064453
Odwiedzone,1447.0,2366.0,2381.0
