Element,a_star,dijkstra,bfs
D³ugoœæ,80.0,80.0,80.0
Czas,0.03900027275085449,1.2730004787445068,0.02099919319152832
Odwiedzone,1004.0,1964.0,1994.0
