Element,a_star,dijkstra,bfs
D³ugoœæ,82.0,82.0,82.0
Czas,0.0410001277923584,1.2079999446868896,0.021000146865844727
Odwiedzone,1072.0,1904.0,1981.0
