Element,a_star,dijkstra,bfs
D³ugoœæ,117.0,117.0,117.0
Czas,0.05600118637084961,1.2650082111358643,0.02599334716796875
Odwiedzone,1447.0,2366.0,2381.0
