Element,a_star,dijkstra,bfs
D³ugoœæ,104.0,104.0,104.0
Czas,0.06401205062866211,1.2209994792938232,0.023999929428100586
Odwiedzone,1579.0,2261.0,2296.0
